{
  "f8e6b000-5643-4b86-9080-aa680ce1f599": {
    "asset": 1731743800780,
    "meta": 1543304680000,
    "relativePath": "image"
  },
  "71561142-4c83-4933-afca-cb7a17f67053": {
    "asset": 1543304680000,
    "meta": 1738907294645,
    "relativePath": "image\\default_btn_disabled.png"
  },
  "e851e89b-faa2-4484-bea6-5c01dd9f06e2": {
    "asset": 1543304680000,
    "meta": 1738907294647,
    "relativePath": "image\\default_btn_normal.png"
  },
  "b43ff3c2-02bb-4874-81f7-f2dea6970f18": {
    "asset": 1543304680000,
    "meta": 1738907294700,
    "relativePath": "image\\default_btn_pressed.png"
  },
  "edd215b9-2796-4a05-aaf5-81f96c9281ce": {
    "asset": 1543304680000,
    "meta": 1738907294698,
    "relativePath": "image\\default_editbox_bg.png"
  },
  "d81ec8ad-247c-4e62-aa3c-d35c4193c7af": {
    "asset": 1543304680000,
    "meta": 1738907294733,
    "relativePath": "image\\default_panel.png"
  },
  "99170b0b-d210-46f1-b213-7d9e3f23098a": {
    "asset": 1543304680000,
    "meta": 1738907294734,
    "relativePath": "image\\default_progressbar_bg.png"
  },
  "cfef78f1-c8df-49b7-8ed0-4c953ace2621": {
    "asset": 1543304680000,
    "meta": 1738907294745,
    "relativePath": "image\\default_progressbar.png"
  },
  "567dcd80-8bf4-4535-8a5a-313f1caf078a": {
    "asset": 1543304680000,
    "meta": 1738907294748,
    "relativePath": "image\\default_radio_button_off.png"
  },
  "9d60001f-b5f4-4726-a629-2659e3ded0b8": {
    "asset": 1543304680000,
    "meta": 1738907294760,
    "relativePath": "image\\default_radio_button_on.png"
  },
  "4bab67cb-18e6-4099-b840-355f0473f890": {
    "asset": 1543304680000,
    "meta": 1738907294762,
    "relativePath": "image\\default_scrollbar_bg.png"
  },
  "617323dd-11f4-4dd3-8eec-0caf6b3b45b9": {
    "asset": 1543304680000,
    "meta": 1738907294792,
    "relativePath": "image\\default_scrollbar_vertical_bg.png"
  },
  "d6d3ca85-4681-47c1-b5dd-d036a9d39ea2": {
    "asset": 1543304680000,
    "meta": 1738907294789,
    "relativePath": "image\\default_scrollbar_vertical.png"
  },
  "0275e94c-56a7-410f-bd1a-fc7483f7d14a": {
    "asset": 1543304680000,
    "meta": 1738907294802,
    "relativePath": "image\\default_sprite_splash.png"
  },
  "0291c134-b3da-4098-b7b5-e397edbe947f": {
    "asset": 1543304680000,
    "meta": 1738907294804,
    "relativePath": "image\\default_scrollbar.png"
  },
  "6e056173-d285-473c-b206-40a7fff5386e": {
    "asset": 1543304680000,
    "meta": 1738907294816,
    "relativePath": "image\\default_sprite.png"
  },
  "73a0903d-d80e-4e3c-aa67-f999543c08f5": {
    "asset": 1543304680000,
    "meta": 1738907294818,
    "relativePath": "image\\default_toggle_checkmark.png"
  },
  "c25b9d50-c8fc-4d27-beeb-6e7c1f2e5c0f": {
    "asset": 1543304680000,
    "meta": 1738907294830,
    "relativePath": "image\\default_toggle_disabled.png"
  },
  "d29077ba-1627-4a72-9579-7b56a235340c": {
    "asset": 1543304680000,
    "meta": 1738907294833,
    "relativePath": "image\\default_toggle_normal.png"
  },
  "fc09f9bd-2cce-4605-b630-8145ef809ed6": {
    "asset": 1731743762786,
    "meta": 1543304680000,
    "relativePath": "misc"
  },
  "2be36297-9abb-4fee-8049-9ed5e271da8a": {
    "asset": 1543304680000,
    "meta": 1738907294839,
    "relativePath": "misc\\default_video.mp4"
  },
  "f6e6dd15-71d1-4ffe-ace7-24fd39942c05": {
    "asset": 1731743801037,
    "meta": 1543304680000,
    "relativePath": "obsolete"
  },
  "b181c1e4-0a72-4a91-bfb0-ae6f36ca60bd": {
    "asset": 1543304680000,
    "meta": 1738907294844,
    "relativePath": "image\\default_toggle_pressed.png"
  },
  "f743d2b6-b7ea-4c14-a55b-547ed4d0a045": {
    "asset": 1731743801048,
    "meta": 1543304680000,
    "relativePath": "particle"
  },
  "b8223619-7e38-47c4-841f-9160c232495a": {
    "asset": 1543304680000,
    "meta": 1738907294935,
    "relativePath": "obsolete\\atom.plist"
  },
  "8a96b965-2dc0-4e03-aa90-3b79cb93b5b4": {
    "asset": 1543304680000,
    "meta": 1738907294856,
    "relativePath": "obsolete\\atom.png"
  },
  "b2687ac4-099e-403c-a192-ff477686f4f5": {
    "asset": 1543304680000,
    "meta": 1738907294937,
    "relativePath": "particle\\atom.plist"
  },
  "ae6c6c98-11e4-452f-8758-75f5c6a56e83": {
    "asset": 1731743800790,
    "meta": 1543304680000,
    "relativePath": "prefab"
  },
  "d0a82d39-bede-46c4-b698-c81ff0dedfff": {
    "asset": 1543304680000,
    "meta": 1738907294858,
    "relativePath": "particle\\atom.png"
  },
  "972b9a4d-47ee-4c74-b5c3-61d8a69bc29f": {
    "asset": 1543304680000,
    "meta": 1738907294863,
    "relativePath": "prefab\\button.prefab"
  },
  "2c937608-2562-40ea-b264-7395df6f0cea": {
    "asset": 1543304680000,
    "meta": 1738907294864,
    "relativePath": "prefab\\canvas.prefab"
  },
  "27756ebb-3d33-44b0-9b96-e858fadd4dd4": {
    "asset": 1543304680000,
    "meta": 1738907294868,
    "relativePath": "prefab\\label.prefab"
  },
  "61aeb05b-3b32-452b-8eed-2b76deeed554": {
    "asset": 1543304680000,
    "meta": 1738907294866,
    "relativePath": "prefab\\editbox.prefab"
  },
  "785a442c-3ceb-45be-a46e-7317f625f3b9": {
    "asset": 1543304680000,
    "meta": 1738907294871,
    "relativePath": "prefab\\layout.prefab"
  },
  "ca8401fe-ad6e-41a8-bd46-8e3e4e9945be": {
    "asset": 1543304680000,
    "meta": 1738907294873,
    "relativePath": "prefab\\pageview.prefab"
  },
  "cd33edea-55f5-46c2-958d-357a01384a36": {
    "asset": 1543304680000,
    "meta": 1738907294875,
    "relativePath": "prefab\\particlesystem.prefab"
  },
  "5965ffac-69da-4b55-bcde-9225d0613c28": {
    "asset": 1543304680000,
    "meta": 1738907294877,
    "relativePath": "prefab\\progressBar.prefab"
  },
  "4a37dd57-78cd-4cec-aad4-f11a73d12b63": {
    "asset": 1543304680000,
    "meta": 1738907294880,
    "relativePath": "prefab\\richtext.prefab"
  },
  "32044bd2-481f-4cf1-a656-e2b2fb1594eb": {
    "asset": 1543304680000,
    "meta": 1738907294882,
    "relativePath": "prefab\\scrollview.prefab"
  },
  "0004d1cf-a0ad-47d8-ab17-34d3db9d35a3": {
    "asset": 1543304680000,
    "meta": 1738907294884,
    "relativePath": "prefab\\slider.prefab"
  },
  "1f55e3be-b89b-4b79-88de-47fd31018044": {
    "asset": 1543304680000,
    "meta": 1738907294887,
    "relativePath": "prefab\\sprite_splash.prefab"
  },
  "96083d03-c332-4a3f-9386-d03e2d19e8ee": {
    "asset": 1543304680000,
    "meta": 1738907294889,
    "relativePath": "prefab\\sprite.prefab"
  },
  "7de03a80-4457-438d-95a7-3e7cdffd6086": {
    "asset": 1543304680000,
    "meta": 1738907294892,
    "relativePath": "prefab\\tiledmap.prefab"
  },
  "0e42ba95-1fa1-46aa-b2cf-143cd1bcee2c": {
    "asset": 1543304680000,
    "meta": 1738907294894,
    "relativePath": "prefab\\tiledtile.prefab"
  },
  "0d784963-d024-4ea6-a7db-03be0ad63010": {
    "asset": 1543304680000,
    "meta": 1738907294897,
    "relativePath": "prefab\\toggle.prefab"
  },
  "bf0a434c-84dd-4a8e-a08a-7a36f180cc75": {
    "asset": 1543304680000,
    "meta": 1738907294901,
    "relativePath": "prefab\\toggleContainer.prefab"
  },
  "d1b8be49-b0a0-435c-83b7-552bed4bbe35": {
    "asset": 1543304680000,
    "meta": 1738907294904,
    "relativePath": "prefab\\toggleGroup.prefab"
  },
  "232d2782-c4bd-4bb4-9e01-909f03d6d3b9": {
    "asset": 1543304680000,
    "meta": 1738907294906,
    "relativePath": "prefab\\videoplayer.prefab"
  },
  "8c5001fd-07ee-4a4b-a8a0-63e15195e94d": {
    "asset": 1543304680000,
    "meta": 1738907294908,
    "relativePath": "prefab\\webview.prefab"
  },
  "29f52784-2fca-467b-92e7-8fd9ef8c57b7": {
    "asset": 1735287206252,
    "meta": 1733464772175,
    "relativePath": "Scene"
  },
  "4734c20c-0db8-4eb2-92ea-e692f4d70934": {
    "asset": 1736864186685,
    "meta": 1733464772175,
    "relativePath": "Script"
  },
  "7b81d4e8-ec84-4716-968d-500ac1d78a54": {
    "asset": 1735288164438,
    "meta": 1733464772175,
    "relativePath": "Texture"
  },
  "a8027877-d8d6-4645-97a0-52d4a0123dba": {
    "asset": 1733464772178,
    "meta": 1733464779144,
    "relativePath": "Texture\\singleColor.png"
  },
  "6aa0aa6a-ebee-4155-a088-a687a6aadec4": {
    "asset": 1733464772178,
    "meta": 1733464779145,
    "relativePath": "Texture\\HelloWorld.png"
  },
  "62045ba1-3955-4b9a-8b57-4c39c48aee42": {
    "asset": 1735265513394,
    "meta": 1733465341816,
    "relativePath": "resources"
  },
  "1b578c63-44de-4070-bac6-3c96fbad3f4e": {
    "asset": 1733465641198,
    "meta": 1733465641220,
    "relativePath": "resources\\Tiles-SandstoneDungeons.png"
  },
  "f8e140f2-5b34-4bbd-a59a-9cf729de7ea5": {
    "asset": 1733466304741,
    "meta": 1733466234705,
    "relativePath": "map"
  },
  "c15d01e7-4df4-4e9e-90d4-5fa60ddb1946": {
    "asset": 1733466238530,
    "meta": 1733466238551,
    "relativePath": "map\\Tiles-SandstoneDungeons.png"
  },
  "38cd4a95-ec93-4b7d-a88b-49d20074aeb5": {
    "asset": 1733466301994,
    "meta": 1733466304753,
    "relativePath": "map\\map1.tmx"
  },
  "958dff57-3e45-407d-a977-d61c956787a6": {
    "asset": 1733466261315,
    "meta": 1733466304751,
    "relativePath": "map\\Tiles-SandstoneDungeons.tsx"
  },
  "de7ce4d5-73d4-4c5a-82bb-3d3763a087bf": {
    "asset": 1733467662337,
    "meta": 1733467751904,
    "relativePath": "resources\\palyer01.png"
  },
  "38174b74-cbe4-4678-b5e5-0500a5202eac": {
    "asset": 1733473053260,
    "meta": 1733473053260,
    "relativePath": "resources\\12"
  },
  "7f96107a-874d-4bad-ad85-11e2cd9a91a0": {
    "asset": 1734077232306,
    "meta": 1733473053260,
    "relativePath": "resources\\12\\Running"
  },
  "faf0bac7-8652-43d9-8a42-e1a66d0d0d85": {
    "asset": 1733473053255,
    "meta": 1733473053424,
    "relativePath": "resources\\12\\Running\\0_Archer_Running_001.png"
  },
  "fac68f64-ae3a-4760-ac81-52c5be2efecc": {
    "asset": 1733473053255,
    "meta": 1733473053432,
    "relativePath": "resources\\12\\Running\\0_Archer_Running_000.png"
  },
  "04f76236-c004-46f2-9cdd-6a1d68309d71": {
    "asset": 1733473053255,
    "meta": 1733473053468,
    "relativePath": "resources\\12\\Running\\0_Archer_Running_003.png"
  },
  "396c3fa3-4ff4-4ebc-bc7d-08bf1a6f6440": {
    "asset": 1733473053255,
    "meta": 1733473053486,
    "relativePath": "resources\\12\\Running\\0_Archer_Running_002.png"
  },
  "67e02071-1cb5-4e0f-bf80-97fc5c2f6c5f": {
    "asset": 1733473053255,
    "meta": 1733473053520,
    "relativePath": "resources\\12\\Running\\0_Archer_Running_004.png"
  },
  "f53c189c-2c6f-4f1a-935c-167cf6af20e8": {
    "asset": 1733473053255,
    "meta": 1733473053540,
    "relativePath": "resources\\12\\Running\\0_Archer_Running_005.png"
  },
  "ea802c76-121d-4504-ad37-89bf990747cb": {
    "asset": 1733473053255,
    "meta": 1733473053573,
    "relativePath": "resources\\12\\Running\\0_Archer_Running_006.png"
  },
  "14736885-dd8f-46a4-8894-a0a018277dd2": {
    "asset": 1733473053255,
    "meta": 1733473053596,
    "relativePath": "resources\\12\\Running\\0_Archer_Running_007.png"
  },
  "6fb3a853-a159-4268-a93e-9c5b1adcc7f2": {
    "asset": 1733473053255,
    "meta": 1733473053624,
    "relativePath": "resources\\12\\Running\\0_Archer_Running_008.png"
  },
  "df5f729a-1963-40bc-b004-3b5e57361514": {
    "asset": 1733473053255,
    "meta": 1733473053649,
    "relativePath": "resources\\12\\Running\\0_Archer_Running_009.png"
  },
  "f24c9753-bfc9-4a85-b219-70e423cdfac9": {
    "asset": 1733473053256,
    "meta": 1733473053676,
    "relativePath": "resources\\12\\Running\\0_Archer_Running_010.png"
  },
  "a1c0bef7-1630-40ee-8f25-da34ceb7f555": {
    "asset": 1733473053256,
    "meta": 1733473053700,
    "relativePath": "resources\\12\\Running\\0_Archer_Running_011.png"
  },
  "83a4de69-90ed-475b-8f70-a6cc2a717e6d": {
    "asset": 1736865193032,
    "meta": 1736865193054,
    "relativePath": "Texture\\whos.fire"
  },
  "ba5e70cf-0a13-4853-9661-df6e316692b2": {
    "asset": 1733474508605,
    "meta": 1733474508611,
    "relativePath": "Scene\\test.fire"
  },
  "39ec0907-165a-48f1-8b43-5b15da111371": {
    "asset": 1733476041876,
    "meta": 1733476042045,
    "relativePath": "resources\\60b43dc7285a2162242503124.png"
  },
  "b4093356-2582-48b3-8509-3e909738c9c4": {
    "asset": 1570477704167,
    "meta": 1733552197594,
    "relativePath": "resources\\heart1.png"
  },
  "9a029f3a-5e10-4d7c-ae75-0338122e2d12": {
    "asset": 1733552225178,
    "meta": 1733552225190,
    "relativePath": "resources\\bullet1.png"
  },
  "f1d5f418-a6ff-403c-a49f-7c0ca6a044d2": {
    "asset": 1733637206029,
    "meta": 1733637206037,
    "relativePath": "resources\\bullet1.prefab"
  },
  "da23757e-c976-48b6-8e12-26eedc28a478": {
    "asset": 1733901148824,
    "meta": 1733901148831,
    "relativePath": "resources\\enemy.prefab"
  },
  "7e470a2d-3232-43fb-9cff-476ac3aa5f0c": {
    "asset": 1733656173407,
    "meta": 1733656173416,
    "relativePath": "resources\\heart1.prefab"
  },
  "5b6a35fb-af34-413c-ad4f-1e88a0af2150": {
    "asset": 1733634549131,
    "meta": 1733634549261,
    "relativePath": "Script\\ComponentBase.ts"
  },
  "c39239a4-4dc4-4ed7-b5cb-97e308019aa7": {
    "asset": 1733634549131,
    "meta": 1733634549283,
    "relativePath": "Script\\MessageCenter.ts"
  },
  "d3f1b7c4-1e3d-42e9-9015-9dda9f77f3a8": {
    "asset": 1733634882940,
    "meta": 1733634935640,
    "relativePath": "Script\\Message.ts"
  },
  "d8944c63-6bb5-4229-aebb-0e86f4eeff25": {
    "asset": 1733635016101,
    "meta": 1733635033820,
    "relativePath": "Script\\ManagerBase.ts"
  },
  "64aabef1-df13-4e7e-9741-b43632637363": {
    "asset": 1733656306311,
    "meta": 1733656307719,
    "relativePath": "Script\\HealthControl.ts"
  },
  "1003d098-1484-481b-b1ad-e12a57623755": {
    "asset": 1733752131063,
    "meta": 1733752131186,
    "relativePath": "resources\\1.png"
  },
  "676dbd13-5d8a-45a6-9867-a623335359d5": {
    "asset": 1733752302740,
    "meta": 1733752302776,
    "relativePath": "resources\\2.png"
  },
  "4ade133f-ece9-4e91-b658-6795c38933e4": {
    "asset": 1733752304772,
    "meta": 1733752304869,
    "relativePath": "resources\\3.png"
  },
  "4c3d9601-c8ba-442c-9a53-941cd56d377d": {
    "asset": 1733761147694,
    "meta": 1733759658286,
    "relativePath": "Script\\test"
  },
  "46ab6b2c-887b-450d-a52a-8748b29e5883": {
    "asset": 1733761124824,
    "meta": 1733761126963,
    "relativePath": "Script\\HiddenJoystick.ts"
  },
  "bf34c0ab-a2df-4f3d-b4e5-054898fb1447": {
    "asset": 1733761986530,
    "meta": 1733761995857,
    "relativePath": "Script\\TimeMnanger.ts"
  },
  "9fcfd4a8-4435-432e-bd09-624bf5a4225a": {
    "asset": 1733893943197,
    "meta": 1733893943250,
    "relativePath": "resources\\17f67702dfa91fa85ea4432e05d041cb06e3199870e99-zWHHBt.png"
  },
  "2d36b559-cc93-4d52-9ac9-fd253c74d13c": {
    "asset": 1733896398197,
    "meta": 1733896398204,
    "relativePath": "resources\\experiences.prefab"
  },
  "d0668067-748f-4a8e-bef9-2e6f4c3aa8c9": {
    "asset": 1733897177367,
    "meta": 1733897177425,
    "relativePath": "resources\\bar.png"
  },
  "355fb771-9096-46dd-9e0c-93e8906f46a0": {
    "asset": 1733897177367,
    "meta": 1733897177429,
    "relativePath": "resources\\HP.png"
  },
  "97cab522-2d4f-4ecf-bb26-85659f245091": {
    "asset": 1733897777159,
    "meta": 1733897777356,
    "relativePath": "resources\\63d55d9ac651cf9075f418a845e0237e1f60b22435935-jBrKqd.png"
  },
  "0bd719eb-6e9a-4fb4-a0e2-7491bc009667": {
    "asset": 1733898570042,
    "meta": 1733898570120,
    "relativePath": "resources\\b.png"
  },
  "ea4885e1-762f-4b71-8ace-d6045b5ff0e4": {
    "asset": 1733899562857,
    "meta": 1733899798791,
    "relativePath": "Script\\ExperienceControl.ts"
  },
  "ff988dbb-f098-4031-9837-2596c4fb6809": {
    "asset": 1733900929319,
    "meta": 1733900994284,
    "relativePath": "Script\\ExpLabelControl.ts"
  },
  "662c3d25-4883-449c-afcc-3e18b40c6c54": {
    "asset": 1733901123131,
    "meta": 1733901123145,
    "relativePath": "resources\\enemyclip.anim"
  },
  "51928b0a-bb58-425b-86be-e6da9fd7ff6d": {
    "asset": 1734074538598,
    "meta": 1734074845710,
    "relativePath": "Script\\BulletControl.ts"
  },
  "cdb081a2-0de5-4bdc-8478-4c05bb7cf4c3": {
    "asset": 1734076558970,
    "meta": 1734076559007,
    "relativePath": "resources\\e74d7c8ff1ac7372be321608d74b6eef1401567c51222-8zu9Yu.png"
  },
  "e2e9f145-fa17-4f14-908c-6fa36e886e86": {
    "asset": 1734077534107,
    "meta": 1734077534116,
    "relativePath": "resources\\kuwu.prefab"
  },
  "de45ef5c-413e-41d8-b243-a0f9bc7b2395": {
    "asset": 1734077824026,
    "meta": 1734077825337,
    "relativePath": "Script\\kuwuControl.ts"
  },
  "b03478ff-ec5a-4a26-9395-d8604fb912ba": {
    "asset": 1734079735784,
    "meta": 1734079738772,
    "relativePath": "Script\\HPControl.ts"
  },
  "dbcba589-5ce3-4d27-af42-9e721aaa2705": {
    "asset": 1734080360980,
    "meta": 1734080376763,
    "relativePath": "Script\\PlayerManager.ts"
  },
  "8fd5962d-76c0-42e5-8b4e-ea354f10e34c": {
    "asset": 1736153308992,
    "meta": 1734081631435,
    "relativePath": "resources\\talent"
  },
  "38817c32-7c22-4ff5-9229-a6e406c2cc7a": {
    "asset": 1734081640569,
    "meta": 1734081640670,
    "relativePath": "resources\\talent\\ct.png"
  },
  "1116d4b4-21a9-4cfc-95aa-c08002f5e255": {
    "asset": 1734083160805,
    "meta": 1734083160836,
    "relativePath": "resources\\s.png"
  },
  "6ca08d0f-6549-4f8f-bd45-47f0684bca13": {
    "asset": 1734083160806,
    "meta": 1734083160999,
    "relativePath": "resources\\p.png"
  },
  "cb4b1641-60e6-42a9-84fd-62f655e27425": {
    "asset": 1736863105797,
    "meta": 1734083704741,
    "relativePath": "Script\\class"
  },
  "bce6f36d-951e-45a7-a3eb-ec45857464c6": {
    "asset": 1736154953447,
    "meta": 1734083741031,
    "relativePath": "Script\\menu"
  },
  "528c2271-b00c-427c-8b1c-29a1d9440645": {
    "asset": 1734087912911,
    "meta": 1734087914008,
    "relativePath": "Script\\class\\GameManager .ts"
  },
  "ba0973ec-b5c8-4188-8ca3-b2eac8df9e5c": {
    "asset": 1734090204795,
    "meta": 1734090205997,
    "relativePath": "Script\\menu\\PauseMenu1.ts"
  },
  "a2594ffe-e588-4743-a4e6-2a617aa33512": {
    "asset": 1735266276565,
    "meta": 1735266276576,
    "relativePath": "Scene\\main.fire"
  },
  "1fad3f0c-d8e5-465b-8150-c31dab977700": {
    "asset": 1735265938535,
    "meta": 1735265510580,
    "relativePath": "resources\\main"
  },
  "c2fc73ce-0a6e-4dbd-bcb7-7acdd7b48d9d": {
    "asset": 1735265516887,
    "meta": 1735265517086,
    "relativePath": "resources\\main\\main.png"
  },
  "3e866200-c642-4a26-a078-6d2239ff10a2": {
    "asset": 1735265938531,
    "meta": 1735265938721,
    "relativePath": "resources\\main\\start.png"
  },
  "73c54c10-2d15-473c-a496-f0743ebd5ac5": {
    "asset": 1735266220853,
    "meta": 1735266244472,
    "relativePath": "Script\\menu\\start.ts"
  },
  "6a55e218-0503-4efd-b00c-e0251c89521e": {
    "asset": 1735266237264,
    "meta": 1735266244473,
    "relativePath": "Script\\menu\\tomain.ts"
  },
  "e96eec30-7494-4de9-868c-93c652582dbc": {
    "asset": 1735269442623,
    "meta": 1735269443620,
    "relativePath": "Script\\MapControl.ts"
  },
  "fa76d280-99b8-4ab9-8299-51b5fab60a4f": {
    "asset": 1735285575879,
    "meta": 1735288164443,
    "relativePath": "Texture\\a1.anim"
  },
  "76bb1d01-4966-46b6-b7f1-7477ce024b90": {
    "asset": 1735285722613,
    "meta": 1735285722627,
    "relativePath": "Texture\\a2.anim"
  },
  "9207f515-77d5-4c3e-8ffb-3cd3c371b2a4": {
    "asset": 1735286395060,
    "meta": 1735286395075,
    "relativePath": "Texture\\a3.anim"
  },
  "020905bb-528e-4f34-8019-c36deeaf0b90": {
    "asset": 1735289945256,
    "meta": 1735289951284,
    "relativePath": "Script\\menu\\layout.ts"
  },
  "73f129c8-0746-4626-8443-545a4721178f": {
    "asset": 1736153308985,
    "meta": 1736153309065,
    "relativePath": "resources\\talent\\2.png"
  },
  "cecfeb1d-bfe5-44ab-ae58-f96fb469eebf": {
    "asset": 1736153308985,
    "meta": 1736153309072,
    "relativePath": "resources\\talent\\1.png"
  },
  "94dc4bbe-0210-4398-b419-97b4aff90cc5": {
    "asset": 1736155181887,
    "meta": 1736155183691,
    "relativePath": "Script\\menu\\enemynum.ts"
  },
  "0b59c443-193d-4a49-bac1-1a1a76b42274": {
    "asset": 1736864204838,
    "meta": 1736864206413,
    "relativePath": "Script\\EnemyControl.ts"
  },
  "940d3547-d536-45c3-aff9-1f74f984ee5d": {
    "asset": 1736864205417,
    "meta": 1736864206414,
    "relativePath": "Script\\PlayerControl.ts"
  }
}