{
  "version": "1.1.1",
  "windows": {
    "main": {
      "main": true,
      "url": "app://editor/index.html",
      "windowType": "dockable",
      "x": 360,
      "y": 40,
      "width": 1360,
      "height": 1028,
      "layout": {
        "children": [
          {
            "children": [
              {
                "active": 0,
                "children": [
                  "hierarchy"
                ],
                "height": 461.9375,
                "type": "panel",
                "width": 262.625
              },
              {
                "active": 0,
                "children": [
                  "assets"
                ],
                "height": 441.8625183105469,
                "type": "panel",
                "width": 262.625
              }
            ],
            "height": 905.7999877929688,
            "type": "dock-v",
            "width": 262.625
          },
          {
            "children": [
              {
                "active": 1,
                "children": [
                  "node-library",
                  "scene"
                ],
                "height": 508.13751220703125,
                "type": "panel",
                "width": 681.625
              },
              {
                "active": 0,
                "children": [
                  "console",
                  "timeline"
                ],
                "height": 395.6625061035156,
                "type": "panel",
                "width": 681.625
              }
            ],
            "height": 905.7999877929688,
            "type": "dock-v",
            "width": 681.625
          },
          {
            "active": 0,
            "children": [
              "inspector"
            ],
            "height": 905.7999877929688,
            "type": "panel",
            "width": 394.9375
          }
        ],
        "type": "dock-h"
      },
      "panels": [
        "hierarchy",
        "assets",
        "node-library",
        "console",
        "timeline",
        "inspector",
        "scene"
      ]
    }
  },
  "panels": {
    "preferences": {
      "x": 444,
      "y": 208,
      "width": 608,
      "height": 572
    },
    "builder": {
      "x": 504,
      "y": 196,
      "width": 676,
      "height": 748
    }
  }
}