{
  "__type__": "cc.AnimationClip",
  "_name": "a2",
  "_objFlags": 0,
  "_native": "",
  "_duration": 0.6666666666666666,
  "sample": 60,
  "speed": 1,
  "wrapMode": 1,
  "curveData": {
    "props": {
      "position": [
        {
          "frame": 0.3333333333333333,
          "value": [
            -3.25,
            50
          ]
        },
        {
          "frame": 0.6666666666666666,
          "value": [
            -3.25,
            0
          ]
        }
      ]
    }
  },
  "events": []
}